{
  "macro": {
    "accuracy": 0.718077675328304,
    "precision": 0.5825476072840747,
    "recall": 0.6267339748745759,
    "f1": 0.5935967957245671
  },
  "anger": {
    "precision": 0.6757679180887372,
    "recall": 0.5945945945945946,
    "f1": 0.6325878594249201
  },
  "contempt": {
    "precision": 0.13829787234042554,
    "recall": 0.3333333333333333,
    "f1": 0.19548872180451127
  },
  "disgust": {
    "precision": 0.5227272727272727,
    "recall": 0.4791666666666667,
    "f1": 0.5
  },
  "fear": {
    "precision": 0.38125,
    "recall": 0.6559139784946236,
    "f1": 0.48221343873517786
  },
  "happiness": {
    "precision": 0.8728717366628831,
    "recall": 0.8621076233183856,
    "f1": 0.8674562887760857
  },
  "neutral": {
    "precision": 0.7895220588235294,
    "recall": 0.6828298887122417,
    "f1": 0.73231031543052
  },
  "sadness": {
    "precision": 0.49335863377609107,
    "recall": 0.5842696629213483,
    "f1": 0.5349794238683128
  },
  "surprise": {
    "precision": 0.7865853658536586,
    "recall": 0.821656050955414,
    "f1": 0.8037383177570093
  }
}